<?xml version="1.0" encoding="UTF-8"?>
<!DOCTYPE suite SYSTEM "http://testng.org/testng-1.0.dtd">
<suite name="SnapDealTest" parallel="tests" thread-count="2" > 
  <test name="TestForChrome">
  <parameter name ="BrowserName" value="Chrome"/>
    <classes>
      <class name="method.landingPage"/>
    </classes>
  </test>
  <test name="TestForFirefox">
  <parameter name ="BrowserName" value="Firefox"/>
    <classes>
      <class name="method.landingPage"/>
    </classes>
  </test> <!-- Test -->
</suite> <!-- Suite -->
